BugID, #isArch, #isInduce, #Priority, #TimeSec, #Time, #Reopen
MYFACES-3013,FALSE,FALSE,Major,17733,00d04h55m33,0
MYFACES-3405,TRUE,FALSE,Major,40238,00d11h10m38,0
MYFACES-3406,FALSE,FALSE,Minor,2084,00d00h34m44,0
MYFACES-2216,TRUE,FALSE,Major,16020634,185d10h10m34,0
MYFACES-3879,TRUE,FALSE,Major,3216459,37d05h27m39,1
MYFACES-3878,FALSE,FALSE,Blocker,73191,00d20h19m51,0
MYFACES-3875,FALSE,FALSE,Minor,11806,00d03h16m46,0
MYFACES-3874,FALSE,FALSE,Major,87452,01d00h17m32,0
MYFACES-3877,TRUE,FALSE,Major,378,00d00h06m18,0
MYFACES-3876,FALSE,FALSE,Critical,106,00d00h01m46,0
MYFACES-3408,FALSE,FALSE,Major,69205,00d19h13m25,0
MYFACES-3870,TRUE,FALSE,Major,367484,04d06h04m44,0
MYFACES-3154,FALSE,FALSE,Major,167009,01d22h23m29,0
MYFACES-3974,FALSE,FALSE,Minor,71665,00d19h54m25,0
MYFACES-3975,FALSE,FALSE,Minor,10184,00d02h49m44,0
MYFACES-3976,FALSE,FALSE,Major,4557,00d01h15m57,0
MYFACES-3977,FALSE,FALSE,Minor,2600,00d00h43m20,0
MYFACES-3970,FALSE,FALSE,Minor,87850,01d00h24m10,0
MYFACES-1596,FALSE,FALSE,Major,321187,03d17h13m07,0
MYFACES-3973,FALSE,FALSE,Minor,71490,00d19h51m30,0
MYFACES-2872,FALSE,FALSE,Minor,23024,00d06h23m44,0
MYFACES-1770,FALSE,FALSE,Major,1109745,12d20h15m45,0
MYFACES-2870,FALSE,FALSE,Major,89,00d00h01m29,0
MYFACES-2978,FALSE,FALSE,Major,554,00d00h09m14,0
MYFACES-3978,TRUE,FALSE,Minor,8222116,95d03h55m16,0
MYFACES-3401,FALSE,FALSE,Major,2250437,26d01h07m17,1
MYFACES-2217,FALSE,FALSE,Minor,7255,00d02h00m55,0
MYFACES-3209,FALSE,FALSE,Major,382047,04d10h07m27,0
MYFACES-3081,FALSE,FALSE,Major,1438,00d00h23m58,0
MYFACES-2570,FALSE,FALSE,Trivial,506,00d00h08m26,0
TRINIDAD-838,FALSE,FALSE,Major,5601,00d01h33m21,0
MYFACES-2907,TRUE,FALSE,Major,170,00d00h02m50,0
MYFACES-3578,FALSE,FALSE,Minor,40449996,468d04h06m36,0
MYFACES-3579,FALSE,FALSE,Minor,63313,00d17h35m13,0
MYFACES-2628,TRUE,FALSE,Major,31863549,368d18h59m09,0
MYFACES-3472,FALSE,FALSE,Major,463739,05d08h48m59,0
MYFACES-3474,FALSE,FALSE,Major,74774,00d20h46m14,0
MYFACES-2429,FALSE,FALSE,Major,89435,01d00h50m35,0
MYFACES-3476,FALSE,FALSE,Critical,73017,00d20h16m57,0
MYFACES-2476,FALSE,FALSE,Major,309981,03d14h06m21,0
MYFACES-2474,FALSE,FALSE,Major,474594,05d11h49m54,0
MYFACES-2475,FALSE,FALSE,Major,910450,10d12h54m10,0
MYFACES-3574,FALSE,FALSE,Major,296927,03d10h28m47,0
MYFACES-2214,TRUE,FALSE,Major,3672,00d01h01m12,0
MYFACES-4122,FALSE,FALSE,Major,10321783,119d11h09m43,0
MYFACES-1886,FALSE,FALSE,Trivial,5380802,62d06h40m02,0
MYFACES-4126,FALSE,FALSE,Major,449795,05d04h56m35,0
MYFACES-4127,TRUE,FALSE,Minor,4361072,50d11h24m32,0
MYFACES-4124,FALSE,FALSE,Major,242106,02d19h15m06,0
MYFACES-4125,TRUE,FALSE,Major,2929286,33d21h41m26,0
MYFACES-4128,FALSE,FALSE,Major,507501,05d20h58m21,0
MYFACES-4129,FALSE,FALSE,Major,525971,06d02h06m11,0
MYFACES-3703,FALSE,FALSE,Major,201093,02d07h51m33,0
MYFACES-3700,FALSE,FALSE,Major,145889,01d16h31m29,0
MYFACES-1600,FALSE,FALSE,Major,689088,07d23h24m48,0
MYFACES-3027,TRUE,FALSE,Major,504,00d00h08m24,0
MYFACES-1602,FALSE,FALSE,Critical,319560,03d16h46m00,0
MYFACES-3491,FALSE,FALSE,Major,31288,00d08h41m28,0
MYFACES-3490,FALSE,FALSE,Critical,263392,03d01h09m52,0
MYFACES-2973,FALSE,FALSE,Major,803110,09d07h05m10,0
MYFACES-3882,TRUE,FALSE,Major,180975,02d02h16m15,0
MYFACES-3883,FALSE,FALSE,Major,557,00d00h09m17,0
MYFACES-3886,FALSE,FALSE,Major,1648046,19d01h47m26,0
MYFACES-3887,FALSE,FALSE,Minor,1636012,18d22h26m52,0
MYFACES-3888,FALSE,FALSE,Major,1710773,19d19h12m53,0
MYFACES-1604,FALSE,FALSE,Major,243,00d00h04m03,0
MYFACES-2971,FALSE,FALSE,Major,81,00d00h01m21,0
MYFACES-1605,FALSE,FALSE,Critical,35095,00d09h44m55,0
MYFACES-4057,TRUE,FALSE,Major,2145038,24d19h50m38,0
MYFACES-3796,FALSE,FALSE,Major,1118780,12d22h46m20,0
MYFACES-2970,FALSE,FALSE,Major,174,00d00h02m54,0
MYFACES-4050,FALSE,FALSE,Major,1123401,13d00h03m21,0
MYFACES-4051,FALSE,FALSE,Major,1123047,12d23h57m27,0
MYFACES-3853,FALSE,FALSE,Critical,20912,00d05h48m32,0
MYFACES-1607,TRUE,FALSE,Major,1415,00d00h23m35,0
MYFACES-3799,FALSE,FALSE,Major,436266,05d01h11m06,0
MYFACES-4058,FALSE,FALSE,Major,40465331,468d08h22m11,0
MYFACES-2083,TRUE,TRUE,Major,3383871,39d03h57m51,0
MYFACES-4224,FALSE,FALSE,Major,16298848,188d15h27m28,0
MYFACES-4227,TRUE,FALSE,Major,5425429,62d19h03m49,0
MYFACES-4226,FALSE,FALSE,Minor,474,00d00h07m54,0
MYFACES-4221,FALSE,FALSE,Minor,27328,00d07h35m28,0
MYFACES-4220,FALSE,FALSE,Trivial,8597,00d02h23m17,0
MYFACES-4222,TRUE,FALSE,Major,323903,03d17h58m23,0
MYFACES-4229,FALSE,FALSE,Major,3074826,35d14h07m06,0
MYFACES-3288,FALSE,FALSE,Major,114016,01d07h40m16,0
MYFACES-3289,TRUE,FALSE,Major,228,00d00h03m48,0
MYFACES-3949,TRUE,FALSE,Major,6623025,76d15h43m45,0
MYFACES-2881,FALSE,FALSE,Blocker,161610,01d20h53m30,1
MYFACES-4234,FALSE,FALSE,Minor,13830,00d03h50m30,0
MYFACES-1579,TRUE,FALSE,Major,299231,03d11h07m11,0
MYFACES-3531,FALSE,FALSE,Major,515983,05d23h19m43,0
MYFACES-3125,FALSE,FALSE,Major,239622,02d18h33m42,0
MYFACES-2876,FALSE,FALSE,Major,2382249,27d13h44m09,0
MYFACES-3124,FALSE,FALSE,Minor,41624,00d11h33m44,0
MYFACES-3412,TRUE,FALSE,Major,172039,01d23h47m19,0
MYFACES-2432,FALSE,FALSE,Major,85919,00d23h51m59,0
MYFACES-1340,FALSE,FALSE,Major,206471,02d09h21m11,0
MYFACES-2950,FALSE,FALSE,Major,279,00d00h04m39,0
MYFACES-2875,FALSE,FALSE,Major,311000,03d14h23m20,0
MYFACES-3280,FALSE,FALSE,Major,354,00d00h05m54,0
MYFACES-1634,FALSE,FALSE,Major,66,00d00h01m06,0
MYFACES-2722,FALSE,FALSE,Minor,197,00d00h03m17,0
MYFACES-2232,TRUE,FALSE,Major,91,00d00h01m31,0
MYFACES-3281,TRUE,FALSE,Major,114,00d00h01m54,0
MYFACES-2484,FALSE,FALSE,Major,26510,00d07h21m50,0
MYFACES-2727,TRUE,FALSE,Major,87,00d00h01m27,0
MYFACES-2724,FALSE,FALSE,Major,2243,00d00h37m23,0
MYFACES-2725,FALSE,FALSE,Major,155,00d00h02m35,0
MYFACES-3941,FALSE,FALSE,Minor,777643,09d00h00m43,1
MYFACES-2728,FALSE,FALSE,Major,50,00d00h00m50,0
MYFACES-3539,FALSE,FALSE,Critical,1584,00d00h26m24,0
MYFACES-3116,TRUE,FALSE,Major,130328,01d12h12m08,0
MYFACES-3943,FALSE,FALSE,Major,320130,03d16h55m30,1
MYFACES-1883,FALSE,FALSE,Critical,264037,03d01h20m37,0
MYFACES-3829,FALSE,FALSE,Major,156957,01d19h35m57,0
MYFACES-3114,FALSE,FALSE,Major,17878,00d04h57m58,0
MYFACES-3336,TRUE,FALSE,Major,918,00d00h15m18,0
MYFACES-3337,FALSE,FALSE,Major,123,00d00h02m03,0
MYFACES-3334,FALSE,FALSE,Major,159078,01d20h11m18,1
MYFACES-3335,FALSE,FALSE,Minor,144418,01d16h06m58,0
MYFACES-3332,TRUE,FALSE,Major,303479,03d12h17m59,0
MYFACES-1882,FALSE,FALSE,Blocker,76577,00d21h16m17,0
MYFACES-3338,FALSE,FALSE,Major,2485,00d00h41m25,0
MYFACES-1584,FALSE,FALSE,Major,965946,11d04h19m06,0
MYFACES-2656,FALSE,FALSE,Major,50275,00d13h57m55,1
MYFACES-2657,FALSE,FALSE,Major,6385,00d01h46m25,0
MYFACES-2654,TRUE,FALSE,Major,441673,05d02h41m13,1
MYFACES-2800,FALSE,FALSE,Major,33342,00d09h15m42,0
MYFACES-2652,FALSE,FALSE,Major,219,00d00h03m39,0
MYFACES-2558,FALSE,FALSE,Major,2734,00d00h45m34,0
MYFACES-2650,FALSE,FALSE,Major,467871,05d09h57m51,0
MYFACES-1613,FALSE,FALSE,Major,3026,00d00h50m26,0
MYFACES-2554,FALSE,FALSE,Major,4521957,52d08h05m57,0
MYFACES-2557,FALSE,FALSE,Major,1876,00d00h31m16,0
MYFACES-2556,TRUE,FALSE,Major,257,00d00h04m17,0
MYFACES-2551,FALSE,FALSE,Major,66620,00d18h30m20,0
MYFACES-1616,TRUE,FALSE,Major,6443,00d01h47m23,0
MYFACES-2553,TRUE,FALSE,Major,36254,00d10h04m14,0
MYFACES-2552,TRUE,FALSE,Major,54994379,636d12h12m59,0
MYFACES-3527,FALSE,FALSE,Major,42014,00d11h40m14,0
MYFACES-3830,FALSE,FALSE,Major,82,00d00h01m22,0
MYFACES-3525,FALSE,FALSE,Major,181631489,2102d05h11m29,1
MYFACES-3832,FALSE,FALSE,Major,371414,04d07h10m14,0
MYFACES-3835,FALSE,FALSE,Major,104154,01d04h55m54,0
MYFACES-3522,FALSE,FALSE,Critical,15075,00d04h11m15,0
MYFACES-3521,FALSE,FALSE,Major,16386,00d04h33m06,0
MYFACES-3520,TRUE,FALSE,Major,6722719,77d19h25m19,0
MYFACES-3930,FALSE,FALSE,Major,1703462,19d17h11m02,0
MYFACES-3838,FALSE,FALSE,Major,74,00d00h01m14,0
MYFACES-2835,FALSE,FALSE,Major,39537958,457d14h45m58,1
MYFACES-3934,FALSE,FALSE,Major,584936,06d18h28m56,0
MYFACES-3935,FALSE,FALSE,Major,218,00d00h03m38,0
MYFACES-3936,TRUE,FALSE,Major,1095848,12d16h24m08,1
MYFACES-2343,FALSE,FALSE,Major,101,00d00h01m41,0
MYFACES-1558,FALSE,FALSE,Major,33608998,388d23h49m58,0
MYFACES-3660,TRUE,FALSE,Major,9838468,113d20h54m28,0
MYFACES-1701,FALSE,FALSE,Major,224852,02d14h27m32,0
MYFACES-1155,TRUE,FALSE,Major,2506682,29d00h18m02,0
MYFACES-3914,FALSE,FALSE,Minor,1848318,21d09h25m18,0
MYFACES-2338,FALSE,FALSE,Critical,34342,00d09h32m22,1
MYFACES-3200,TRUE,FALSE,Major,433749,05d00h29m09,1
MYFACES-3638,TRUE,FALSE,Major,151806,01d18h10m06,1
MYFACES-3206,FALSE,FALSE,Major,29613,00d08h13m33,0
MYFACES-1536,FALSE,FALSE,Critical,255530,02d22h58m50,0
MYFACES-3632,FALSE,FALSE,Major,3751,00d01h02m31,0
MYFACES-3208,FALSE,FALSE,Major,9428,00d02h37m08,0
MYFACES-3630,FALSE,FALSE,Minor,76,00d00h01m16,0
MYFACES-3637,FALSE,FALSE,Minor,3899,00d01h04m59,0
MYFACES-2886,FALSE,FALSE,Major,403519,04d16h05m19,0
MYFACES-3069,FALSE,FALSE,Major,15654,00d04h20m54,0
MYFACES-1612,FALSE,FALSE,Major,1051,00d00h17m31,0
MYFACES-3744,FALSE,FALSE,Major,6229139,72d02h18m59,0
MYFACES-3749,FALSE,FALSE,Major,5702203,65d23h56m43,0
MYFACES-3748,FALSE,FALSE,Major,2900667,33d13h44m27,0
MYFACES-3064,FALSE,FALSE,Major,87701,01d00h21m41,0
MYFACES-3845,TRUE,FALSE,Major,89,00d00h01m29,0
MYFACES-3598,FALSE,FALSE,Major,225131,02d14h32m11,0
MYFACES-3847,FALSE,FALSE,Major,2366661,27d09h24m21,0
MYFACES-3841,FALSE,FALSE,Major,10337103,119d15h25m03,0
MYFACES-2903,FALSE,FALSE,Minor,168,00d00h02m48,0
MYFACES-3590,FALSE,FALSE,Minor,170153,01d23h15m53,0
MYFACES-3591,FALSE,FALSE,Major,1604244,18d13h37m24,0
MYFACES-3848,FALSE,FALSE,Major,9483189,109d18h13m09,0
MYFACES-3597,FALSE,FALSE,Trivial,92,00d00h01m32,0
MYFACES-3594,FALSE,FALSE,Major,506572,05d20h42m52,0
MYFACES-2905,FALSE,FALSE,Major,147,00d00h02m27,0
MYFACES-3284,FALSE,FALSE,Major,107,00d00h01m47,0
MYFACES-1386,FALSE,FALSE,Minor,76530,00d21h15m30,0
MYFACES-2472,FALSE,FALSE,Major,1543,00d00h25m43,0
MYFACES-2965,FALSE,FALSE,Major,72191,00d20h03m11,0
MYFACES-1614,FALSE,FALSE,Major,922,00d00h15m22,0
MYFACES-2501,FALSE,FALSE,Major,2951,00d00h49m11,0
MYFACES-3118,FALSE,FALSE,Major,11285,00d03h08m05,0
MYFACES-3440,FALSE,FALSE,Major,1827156,21d03h32m36,0
MYFACES-3117,TRUE,TRUE,Critical,1495158,17d07h19m18,0
MYFACES-3442,FALSE,FALSE,Major,575726,06d15h55m26,1
MYFACES-3115,FALSE,FALSE,Minor,156962,01d19h36m02,0
MYFACES-3444,FALSE,FALSE,Major,1633311,18d21h41m51,1
MYFACES-1593,FALSE,FALSE,Major,4103,00d01h08m23,0
MYFACES-2481,FALSE,FALSE,Major,23422,00d06h30m22,0
MYFACES-3009,FALSE,FALSE,Major,1441694,16d16h28m14,0
MYFACES-2707,FALSE,FALSE,Critical,175888,02d00h51m28,0
MYFACES-458,FALSE,FALSE,Critical,59470873,688d07h41m13,1
MYFACES-1812,FALSE,FALSE,Major,17250,00d04h47m30,0
MYFACES-1815,FALSE,FALSE,Major,695869,08d01h17m49,0
MYFACES-3709,FALSE,FALSE,Major,58734,00d16h18m54,0
MYFACES-1817,FALSE,FALSE,Major,256,00d00h04m16,0
MYFACES-1819,FALSE,FALSE,Major,4258,00d01h10m58,0
MYFACES-3708,FALSE,FALSE,Minor,1180065,13d15h47m45,0
MYFACES-4164,FALSE,FALSE,Major,787276,09d02h41m16,0
MYFACES-4165,FALSE,FALSE,Minor,38873,00d10h47m53,0
MYFACES-4008,FALSE,FALSE,Major,3556229,41d03h50m29,0
MYFACES-4160,FALSE,FALSE,Major,5747961,66d12h39m21,1
MYFACES-1721,FALSE,FALSE,Blocker,1512948,17d12h15m48,0
MYFACES-3545,TRUE,FALSE,Major,1009503,11d16h25m03,0
MYFACES-4000,FALSE,FALSE,Major,2141465,24d18h51m05,0
MYFACES-4168,FALSE,FALSE,Minor,343244,03d23h20m44,0
MYFACES-4169,FALSE,FALSE,Major,1775223,20d13h07m03,1
MYFACES-2564,TRUE,FALSE,Major,618295,07d03h44m55,1
MYFACES-2565,TRUE,FALSE,Major,2244674,25d23h31m14,1
MYFACES-3940,FALSE,FALSE,Major,2818869,32d15h01m09,0
MYFACES-2560,FALSE,FALSE,Major,1900305,21d23h51m45,0
MYFACES-2561,TRUE,FALSE,Major,251478,02d21h51m18,0
MYFACES-2563,FALSE,FALSE,Major,1663072,19d05h57m52,0
MYFACES-4215,FALSE,FALSE,Trivial,554,00d00h09m14,0
MYFACES-4216,TRUE,FALSE,Minor,92037,01d01h33m57,0
MYFACES-1782,FALSE,FALSE,Major,40621,00d11h17m01,0
MYFACES-1785,FALSE,FALSE,Major,58722,00d16h18m42,0
MYFACES-2569,TRUE,FALSE,Major,4824843,55d20h14m03,1
MYFACES-4212,TRUE,FALSE,Trivial,83664,00d23h14m24,0
MYFACES-4213,FALSE,FALSE,Trivial,77891,00d21h38m11,0
MYFACES-2326,FALSE,FALSE,Major,88,00d00h01m28,0
MYFACES-4188,FALSE,FALSE,Trivial,13675,00d03h47m55,0
MYFACES-4189,FALSE,FALSE,Minor,24628344,285d01h12m24,0
MYFACES-1163,FALSE,FALSE,Major,1769258,20d11h27m38,0
MYFACES-4184,FALSE,FALSE,Major,156840,01d19h34m00,0
TOMAHAWK-1637,FALSE,FALSE,Minor,1863234,21d13h33m54,0
MYFACES-4186,FALSE,FALSE,Major,277772,03d05h09m32,0
MYFACES-4187,FALSE,FALSE,Minor,87704,01d00h21m44,0
MYFACES-4180,FALSE,FALSE,Major,1892728,21d21h45m28,1
MYFACES-4181,FALSE,FALSE,Major,2535,00d00h42m15,0
MYFACES-4183,FALSE,FALSE,Minor,1454320,16d19h58m40,0
MYFACES-2969,FALSE,FALSE,Minor,70,00d00h01m10,0
MYFACES-2287,TRUE,FALSE,Major,766877,08d21h01m17,0
MYFACES-2161,TRUE,FALSE,Major,358489,04d03h34m49,0
MYFACES-2750,FALSE,FALSE,Critical,6789,00d01h53m09,0
MYFACES-3189,TRUE,FALSE,Major,2692285,31d03h51m25,0
MYFACES-1866,FALSE,FALSE,Major,1606,00d00h26m46,0
MYFACES-2508,TRUE,FALSE,Major,33871245,392d00h40m45,0
MYFACES-1712,FALSE,FALSE,Major,3724413,43d02h33m33,1
MYFACES-2896,FALSE,FALSE,Major,381852,04d10h04m12,0
MYFACES-2517,FALSE,FALSE,Major,9157,00d02h32m37,0
MYFACES-2516,TRUE,FALSE,Major,40711,00d11h18m31,0
MYFACES-4260,FALSE,FALSE,Minor,165978,01d22h06m18,0
MYFACES-4262,FALSE,FALSE,Major,71299,00d19h48m19,0
MYFACES-1869,FALSE,FALSE,Major,5604,00d01h33m24,0
MYFACES-4267,TRUE,FALSE,Major,1052237,12d04h17m17,0
MYFACES-4266,TRUE,FALSE,Major,433292,05d00h21m32,0
MYFACES-3390,FALSE,FALSE,Minor,193,00d00h03m13,0
MYFACES-3391,FALSE,FALSE,Major,4253,00d01h10m53,1
MYFACES-3641,FALSE,FALSE,Major,524600,06d01h43m20,1
MYFACES-3646,FALSE,FALSE,Major,1386,00d00h23m06,0
MYFACES-3644,FALSE,FALSE,Major,141990246,1643d09h44m06,0
MYFACES-3397,FALSE,FALSE,Minor,205,00d00h03m25,0
MYFACES-2308,FALSE,FALSE,Major,52,00d00h00m52,0
MYFACES-3649,TRUE,FALSE,Blocker,43642,00d12h07m22,0
MYFACES-3752,FALSE,FALSE,Major,5704780,66d00h39m40,0
MYFACES-2260,FALSE,FALSE,Major,141,00d00h02m21,0
MYFACES-3188,TRUE,FALSE,Minor,375987,04d08h26m27,0
MYFACES-3246,TRUE,FALSE,Major,89536,01d00h52m16,0
MYFACES-3369,FALSE,FALSE,Major,506,00d00h08m26,0
MYFACES-3364,FALSE,TRUE,Critical,47425,00d13h10m25,0
MYFACES-3366,FALSE,FALSE,Minor,457,00d00h07m37,0
MYFACES-3360,FALSE,FALSE,Major,308,00d00h05m08,0
MYFACES-3248,FALSE,FALSE,Major,184,00d00h03m04,0
MYFACES-3249,FALSE,FALSE,Major,2321,00d00h38m41,0
MYFACES-2767,FALSE,FALSE,Minor,81737,00d22h42m17,0
MYFACES-1149,FALSE,FALSE,Major,1561734,18d01h48m54,0
MYFACES-2765,FALSE,FALSE,Major,1837,00d00h30m37,0
MYFACES-2762,FALSE,FALSE,Critical,71013,00d19h43m33,0
MYFACES-2763,FALSE,FALSE,Blocker,21789,00d06h03m09,0
MYFACES-2760,TRUE,FALSE,Major,63,00d00h01m03,0
MYFACES-2761,FALSE,FALSE,Major,1943110,22d11h45m10,0
MYFACES-2605,TRUE,FALSE,Major,83638,00d23h13m58,1
MYFACES-750,FALSE,FALSE,Major,10284903,119d00h55m03,0
MYFACES-2601,TRUE,FALSE,Major,1566,00d00h26m06,0
MYFACES-2603,FALSE,FALSE,Major,46429,00d12h53m49,0
MYFACES-4163,FALSE,FALSE,Minor,304535,03d12h35m35,1
MYFACES-3416,FALSE,FALSE,Major,78,00d00h01m18,0
MYFACES-3147,FALSE,FALSE,Minor,197478866,2285d15h14m26,0
MYFACES-3414,TRUE,FALSE,Critical,1013671,11d17h34m31,0
MYFACES-3413,TRUE,FALSE,Minor,9168,00d02h32m48,0
MYFACES-1281,TRUE,FALSE,Blocker,319906,03d16h51m46,0
MYFACES-2948,FALSE,FALSE,Major,424,00d00h07m04,0
MYFACES-3142,FALSE,FALSE,Trivial,156,00d00h02m36,0
MYFACES-2946,TRUE,FALSE,Major,865865,10d00h31m05,1
MYFACES-2415,FALSE,FALSE,Major,252413,02d22h06m53,0
MYFACES-3802,FALSE,FALSE,Major,48616,00d13h30m16,0
MYFACES-3340,FALSE,FALSE,Major,45,00d00h00m45,0
MYFACES-2942,TRUE,FALSE,Critical,5143165,59d12h39m25,1
MYFACES-3419,FALSE,FALSE,Minor,6999446,81d00h17m26,0
MYFACES-2941,FALSE,FALSE,Major,3950,00d01h05m50,0
MYFACES-3967,FALSE,FALSE,Minor,69243,00d19h14m03,0
MYFACES-3966,FALSE,FALSE,Minor,93169,01d01h52m49,0
MYFACES-3965,FALSE,FALSE,Major,849398,09d19h56m38,0
MYFACES-3964,TRUE,FALSE,Major,1935390,22d09h36m30,1
MYFACES-2788,FALSE,FALSE,Major,2521,00d00h42m01,0
MYFACES-3960,FALSE,FALSE,Major,1808930,20d22h28m50,0
MYFACES-2784,FALSE,FALSE,Major,244726,02d19h58m46,0
MYFACES-2868,FALSE,FALSE,Major,355,00d00h05m55,0
MYFACES-3969,FALSE,FALSE,Major,153189,01d18h33m09,0
MYFACES-2447,FALSE,FALSE,Major,4163044,48d04h24m04,0
MYFACES-3303,FALSE,FALSE,Minor,178103,02d01h28m23,0
MYFACES-3096,FALSE,FALSE,Major,1376,00d00h22m56,0
MYFACES-3310,FALSE,FALSE,Major,1332204,15d10h03m24,0
MYFACES-4003,FALSE,FALSE,Minor,6405788,74d03h23m08,1
MYFACES-2462,FALSE,FALSE,Major,343902,03d23h31m42,0
MYFACES-2382,TRUE,FALSE,Major,96,00d00h01m36,0
MYFACES-4034,FALSE,FALSE,Major,98521,01d03h22m01,0
MYFACES-1789,FALSE,FALSE,Major,81,00d00h01m21,0
MYFACES-4036,TRUE,FALSE,Minor,11615450,134d10h30m50,0
MYFACES-3739,TRUE,FALSE,Major,2518758,29d03h39m18,0
MYFACES-4030,FALSE,FALSE,Minor,615127,07d02h52m07,0
MYFACES-4031,FALSE,FALSE,Major,106184,01d05h29m44,0
MYFACES-4032,FALSE,FALSE,Critical,329137,03d19h25m37,0
MYFACES-1725,FALSE,FALSE,Major,6060230,70d03h23m50,0
MYFACES-4038,FALSE,FALSE,Minor,154697,01d18h58m17,0
MYFACES-3735,FALSE,FALSE,Major,8243989,95d09h59m49,0
MYFACES-3893,FALSE,FALSE,Trivial,93072,01d01h51m12,0
MYFACES-2678,FALSE,FALSE,Major,213237,02d11h13m57,0
MYFACES-3891,TRUE,FALSE,Trivial,7268236,84d02h57m16,0
MYFACES-3890,FALSE,FALSE,Minor,77360,00d21h29m20,0
MYFACES-2436,FALSE,FALSE,Major,496,00d00h08m16,0
MYFACES-3795,FALSE,FALSE,Major,1154400,13d08h40m00,0
MYFACES-4041,TRUE,FALSE,Major,127697,01d11h28m17,0
MYFACES-3781,TRUE,FALSE,Major,252803,02d22h13m23,0
MYFACES-3029,TRUE,FALSE,Major,25688,00d07h08m08,0
MYFACES-4049,FALSE,FALSE,Major,617860,07d03h37m40,0
MYFACES-4048,FALSE,FALSE,Minor,9146393,105d20h39m53,1
MYFACES-3024,FALSE,FALSE,Critical,123909,01d10h25m09,0
MYFACES-2930,TRUE,FALSE,Minor,5647732,65d08h48m52,0
MYFACES-3023,TRUE,FALSE,Minor,13595,00d03h46m35,0
MYFACES-3021,FALSE,FALSE,Major,50,00d00h00m50,0
MYFACES-4251,FALSE,FALSE,Major,10791762,124d21h42m42,0
MYFACES-4252,FALSE,FALSE,Major,81004,00d22h30m04,0
MYFACES-4217,FALSE,FALSE,Trivial,68822,00d19h07m02,0
MYFACES-837,FALSE,FALSE,Major,6884761,79d16h26m01,0
TOMAHAWK-1183,TRUE,FALSE,Major,21302302,246d13h18m22,0
MYFACES-2670,TRUE,FALSE,Major,28,00d00h00m28,0
MYFACES-1828,FALSE,FALSE,Major,158,00d00h02m38,0
MYFACES-2960,FALSE,FALSE,Major,105351,01d05h15m51,0
MYFACES-1304,FALSE,FALSE,Critical,9266906,107d06h08m26,0
MYFACES-2007,TRUE,FALSE,Major,19557593,226d08h39m53,0
MYFACES-1825,FALSE,FALSE,Major,4808586,55d15h43m06,1
MYFACES-1826,FALSE,FALSE,Trivial,133,00d00h02m13,0
MYFACES-1670,FALSE,FALSE,Major,4230211,48d23h03m31,0
MYFACES-2964,FALSE,FALSE,Major,1725221,19d23h13m41,0
MYFACES-4136,TRUE,FALSE,Minor,436441,05d01h14m01,0
MYFACES-4131,FALSE,FALSE,Major,1182480,13d16h28m00,0
MYFACES-4130,TRUE,FALSE,Major,589712,06d19h48m32,0
MYFACES-4132,FALSE,FALSE,Major,4211,00d01h10m11,0
MYFACES-2636,FALSE,FALSE,Major,839814,09d17h16m54,1
MYFACES-2637,FALSE,FALSE,Blocker,698744,08d02h05m44,0
MYFACES-2631,FALSE,FALSE,Major,23551,00d06h32m31,0
MYFACES-2633,TRUE,FALSE,Major,99,00d00h01m39,0
MYFACES-2638,TRUE,FALSE,Major,20444182,236d14h56m22,0
MYFACES-2847,FALSE,FALSE,Major,7945,00d02h12m25,0
MYFACES-1751,TRUE,FALSE,Critical,184,00d00h03m04,0
MYFACES-4185,TRUE,FALSE,Major,74727,00d20h45m27,0
MYFACES-1756,FALSE,FALSE,Major,501,00d00h08m21,0
MYFACES-3983,FALSE,FALSE,Minor,14435112,167d01h45m12,0
MYFACES-3321,FALSE,FALSE,Major,432347,05d00h05m47,1
MYFACES-3320,FALSE,FALSE,Blocker,272033,03d03h33m53,0
MYFACES-3323,FALSE,FALSE,Minor,76,00d00h01m16,0
MYFACES-3982,FALSE,FALSE,Major,13227226,153d02h13m46,0
MYFACES-3325,FALSE,FALSE,Major,57,00d00h00m57,0
MYFACES-3324,FALSE,FALSE,Major,202,00d00h03m22,0
MYFACES-1755,FALSE,FALSE,Major,204,00d00h03m24,0
MYFACES-1624,FALSE,FALSE,Major,3250,00d00h54m10,0
MYFACES-2641,FALSE,FALSE,Major,662,00d00h11m02,0
MYFACES-2529,FALSE,FALSE,Major,2778533,32d03h48m53,0
MYFACES-2135,FALSE,FALSE,Major,420,00d00h07m00,0
MYFACES-2134,TRUE,FALSE,Major,2338826,27d01h40m26,1
MYFACES-2645,TRUE,FALSE,Major,609814,07d01h23m34,0
MYFACES-2647,FALSE,FALSE,Minor,386,00d00h06m26,0
MYFACES-2646,TRUE,FALSE,Major,457004,05d06h56m44,0
MYFACES-2649,FALSE,FALSE,Major,38608,00d10h43m28,1
MYFACES-1744,FALSE,FALSE,Major,25850771,299d04h46m11,0
MYFACES-2522,FALSE,FALSE,Minor,365058,04d05h24m18,0
MYFACES-1741,TRUE,FALSE,Major,4755668,55d01h01m08,1
MYFACES-2525,FALSE,FALSE,Major,930531,10d18h28m51,0
MYFACES-2526,TRUE,FALSE,Major,300674,03d11h31m14,0
MYFACES-2527,FALSE,FALSE,Major,232722,02d16h38m42,0
MYFACES-3699,FALSE,FALSE,Major,146443,01d16h40m43,0
MYFACES-3698,FALSE,FALSE,Major,1216,00d00h20m16,0
MYFACES-2980,FALSE,FALSE,Critical,37832,00d10h30m32,0
MYFACES-3928,FALSE,FALSE,Major,2070875,23d23h14m35,0
MYFACES-3516,FALSE,FALSE,Major,3558,00d00h59m18,0
MYFACES-2131,FALSE,FALSE,Minor,1586,00d00h26m26,0
MYFACES-2984,FALSE,FALSE,Major,521831,06d00h57m11,1
MYFACES-2985,FALSE,FALSE,Major,258642,02d23h50m42,0
MYFACES-2821,FALSE,FALSE,Major,9248,00d02h34m08,0
MYFACES-2820,FALSE,FALSE,Minor,9221,00d02h33m41,0
MYFACES-3518,FALSE,FALSE,Major,17161,00d04h46m01,0
MYFACES-2822,FALSE,FALSE,Major,1853,00d00h30m53,0
MYFACES-3695,FALSE,FALSE,Major,3560916,41d05h08m36,0
MYFACES-3926,FALSE,FALSE,Trivial,45083966,521d19h19m26,0
MYFACES-3697,FALSE,FALSE,Trivial,167548,01d22h32m28,0
MYFACES-2826,FALSE,FALSE,Major,74479,00d20h41m19,0
MYFACES-2520,FALSE,FALSE,Major,1140990,13d04h56m30,0
MYFACES-3792,FALSE,FALSE,Major,1355792,15d16h36m32,0
MYFACES-1780,FALSE,FALSE,Critical,95,00d00h01m35,0
MYFACES-3219,TRUE,FALSE,Major,2436,00d00h40m36,0
MYFACES-3216,FALSE,FALSE,Major,7412,00d02h03m32,0
MYFACES-4047,TRUE,FALSE,Minor,468547,05d10h09m07,0
MYFACES-3354,FALSE,FALSE,Minor,940480,10d21h14m40,0
MYFACES-3356,FALSE,FALSE,Major,756358,08d18h05m58,0
MYFACES-3605,FALSE,FALSE,Critical,279344,03d05h35m44,0
MYFACES-3350,FALSE,FALSE,Minor,184801412,2138d21h43m32,0
MYFACES-2139,FALSE,FALSE,Major,10637096,123d02h44m56,0
MYFACES-3353,FALSE,FALSE,Minor,149,00d00h02m29,0
MYFACES-1521,FALSE,FALSE,Major,892824,10d08h00m24,0
MYFACES-2734,TRUE,FALSE,Major,640962,07d10h02m42,0
MYFACES-2730,TRUE,FALSE,Major,2938507,34d00h15m07,1
MYFACES-2982,FALSE,FALSE,Major,164,00d00h02m44,0
MYFACES-3178,FALSE,FALSE,Major,74328,00d20h38m48,0
MYFACES-3179,FALSE,FALSE,Major,235308,02d17h21m48,0
MYFACES-3513,FALSE,FALSE,Major,291822,03d09h03m42,0
MYFACES-3175,FALSE,FALSE,Major,60539,00d16h48m59,0
MYFACES-3176,FALSE,FALSE,Major,36391,00d10h06m31,0
MYFACES-3929,TRUE,FALSE,Minor,6344048,73d10h14m08,0
MYFACES-3173,TRUE,FALSE,Major,747,00d00h12m27,0
MYFACES-3585,FALSE,FALSE,Minor,449266,05d04h47m46,0
MYFACES-3584,FALSE,FALSE,Major,516811,05d23h33m31,0
MYFACES-3587,TRUE,FALSE,Major,38791798,448d23h29m58,1
MYFACES-3854,FALSE,FALSE,Major,382770,04d10h19m30,0
MYFACES-3581,FALSE,FALSE,Major,6291381,72d19h36m21,0
MYFACES-3580,FALSE,FALSE,Critical,1483385,17d04h03m05,0
MYFACES-3583,TRUE,FALSE,Minor,516409,05d23h26m49,0
MYFACES-3850,TRUE,FALSE,Trivial,2005398,23d05h03m18,0
MYFACES-3996,FALSE,FALSE,Major,3067521,35d12h05m21,0
MYFACES-2855,FALSE,FALSE,Major,2408521,27d21h02m01,0
MYFACES-2857,FALSE,FALSE,Major,16027689,185d12h08m09,0
MYFACES-3589,FALSE,FALSE,Major,347737,04d00h35m37,0
MYFACES-2918,FALSE,FALSE,Major,1721,00d00h28m41,0
MYFACES-3859,FALSE,FALSE,Major,98,00d00h01m38,0
MYFACES-3858,TRUE,FALSE,Major,103,00d00h01m43,0
MYFACES-1008,FALSE,FALSE,Critical,2693478,31d04h11m18,0
MYFACES-3515,TRUE,FALSE,Major,75983,00d21h06m23,0
MYFACES-3109,FALSE,FALSE,Major,1559,00d00h25m59,0
MYFACES-3923,TRUE,FALSE,Major,1760676,20d09h04m36,1
MYFACES-3101,FALSE,FALSE,Major,2320879,26d20h41m19,0
MYFACES-3103,FALSE,FALSE,Major,2130767,24d15h52m47,0
MYFACES-3102,FALSE,FALSE,Major,946,00d00h15m46,0
MYFACES-3457,FALSE,FALSE,Major,116,00d00h01m56,0
MYFACES-3456,FALSE,FALSE,Minor,1010,00d00h16m50,0
MYFACES-3107,TRUE,FALSE,Trivial,1276103,14d18h28m23,0
MYFACES-3454,TRUE,FALSE,Blocker,335533,03d21h12m13,1
MYFACES-4104,FALSE,FALSE,Major,71522,00d19h52m02,0
MYFACES-4105,TRUE,FALSE,Major,1806090,20d21h41m30,0
MYFACES-3519,FALSE,FALSE,Major,257,00d00h04m17,0
MYFACES-4100,TRUE,FALSE,Major,189,00d00h03m09,0
MYFACES-1551,FALSE,FALSE,Major,465515,05d09h18m35,1
MYFACES-2827,FALSE,FALSE,Major,74234,00d20h37m14,0
MYFACES-3696,FALSE,FALSE,Major,5094665,58d23h11m05,1
MYFACES-3536,FALSE,FALSE,Major,677054,07d20h04m14,0
MYFACES-2996,FALSE,FALSE,Minor,124,00d00h02m04,0
MYFACES-1894,FALSE,FALSE,Major,1929328,22d07h55m28,0
MYFACES-4172,FALSE,FALSE,Minor,4502,00d01h15m02,0
MYFACES-4175,TRUE,FALSE,Minor,4199395,48d14h29m55,0
MYFACES-4174,FALSE,FALSE,Minor,164822,01d21h47m02,0
MYFACES-2913,FALSE,FALSE,Major,543,00d00h09m03,0
MYFACES-4176,FALSE,FALSE,Minor,2150133,24d21h15m33,1
MYFACES-4179,FALSE,FALSE,Major,187,00d00h03m07,0
MYFACES-4178,FALSE,FALSE,Minor,4723114,54d15h58m34,0
MYFACES-4072,FALSE,FALSE,Major,195028,02d06h10m28,0
MYFACES-2992,FALSE,FALSE,Major,334,00d00h05m34,0
MYFACES-1544,FALSE,FALSE,Major,457,00d00h07m37,0
MYFACES-3773,FALSE,FALSE,Major,8543,00d02h22m23,0
MYFACES-2577,FALSE,FALSE,Major,1819,00d00h30m19,0
MYFACES-1775,FALSE,FALSE,Major,147475,01d16h57m55,0
MYFACES-2574,TRUE,FALSE,Minor,268,00d00h04m28,0
MYFACES-2573,TRUE,FALSE,Blocker,90284,01d01h04m44,0
MYFACES-2572,FALSE,FALSE,Major,343,00d00h05m43,0
MYFACES-2571,FALSE,FALSE,Major,1966,00d00h32m46,0
MYFACES-4208,FALSE,FALSE,Trivial,264427,03d01h27m07,0
MYFACES-4207,FALSE,FALSE,Trivial,105179,01d05h12m59,0
MYFACES-4206,FALSE,FALSE,Minor,93017,01d01h50m17,0
MYFACES-4205,FALSE,FALSE,Minor,608494,07d01h01m34,1
MYFACES-4204,FALSE,FALSE,Critical,1330030,15d09h27m10,0
MYFACES-4203,FALSE,TRUE,Major,904167,10d11h09m27,0
MYFACES-4201,FALSE,FALSE,Major,94020,01d02h07m00,0
MYFACES-2578,FALSE,FALSE,Major,160,00d00h02m40,0
MYFACES-4199,FALSE,FALSE,Major,423387,04d21h36m27,0
MYFACES-4198,FALSE,FALSE,Minor,254790,02d22h46m30,0
MYFACES-4197,FALSE,FALSE,Minor,257628,02d23h33m48,0
MYFACES-1561,TRUE,FALSE,Major,1199921,13d21h18m41,0
MYFACES-4195,FALSE,FALSE,Minor,69227,00d19h13m47,0
MYFACES-4194,FALSE,FALSE,Minor,70509,00d19h35m09,0
MYFACES-4193,FALSE,FALSE,Minor,78199,00d21h43m19,0
MYFACES-4192,FALSE,FALSE,Major,147226,01d16h53m46,0
MYFACES-4191,FALSE,FALSE,Major,10292,00d02h51m32,0
MYFACES-4190,TRUE,FALSE,Major,344077,03d23h34m37,0
MYFACES-2177,TRUE,FALSE,Major,3591232,41d13h33m52,0
MYFACES-4294,FALSE,FALSE,Major,3210516,37d03h48m36,0
MYFACES-1700,FALSE,FALSE,Major,8905610,103d01h46m50,0
MYFACES-1703,FALSE,FALSE,Critical,102588,01d04h29m48,0
MYFACES-4297,FALSE,FALSE,Major,440172,05d02h16m12,1
MYFACES-1871,FALSE,FALSE,Major,4949973,57d06h59m33,0
MYFACES-4293,FALSE,FALSE,Minor,5223,00d01h27m03,0
MYFACES-1879,TRUE,FALSE,Major,30348693,351d06h11m33,0
MYFACES-3383,TRUE,FALSE,Major,19790967,229d01h29m27,0
MYFACES-2705,FALSE,FALSE,Minor,14374,00d03h59m34,0
MYFACES-2706,FALSE,FALSE,Major,242688,02d19h24m48,0
MYFACES-3380,FALSE,FALSE,Major,784,00d00h13m04,0
MYFACES-2700,FALSE,FALSE,Major,434050,05d00h34m10,1
MYFACES-2701,FALSE,FALSE,Major,3056,00d00h50m56,0
MYFACES-3385,FALSE,FALSE,Critical,32425,00d09h00m25,0
MYFACES-2708,FALSE,FALSE,Major,85,00d00h01m25,0
MYFACES-1680,FALSE,FALSE,Major,1590,00d00h26m30,0
MYFACES-1681,FALSE,FALSE,Major,54321,00d15h05m21,1
MYFACES-1684,TRUE,FALSE,Major,8227064,95d05h17m44,1
MYFACES-3318,FALSE,FALSE,Major,296272,03d10h17m52,1
MYFACES-1702,FALSE,FALSE,Major,184815,02d03h20m15,0
MYFACES-3255,FALSE,FALSE,Major,1067,00d00h17m47,0
MYFACES-3256,FALSE,TRUE,Blocker,3345,00d00h55m45,0
MYFACES-3259,FALSE,FALSE,Major,7670785,88d18h46m25,0
MYFACES-3312,FALSE,FALSE,Major,1289145,14d22h05m45,0
MYFACES-3313,FALSE,FALSE,Major,1380690,15d23h31m30,0
MYFACES-2384,FALSE,FALSE,Major,242,00d00h04m02,0
MYFACES-3315,TRUE,FALSE,Minor,1134405,13d03h06m45,0
MYFACES-2386,TRUE,FALSE,Major,265056,03d01h37m36,0
MYFACES-2387,TRUE,FALSE,Major,28079,00d07h47m59,0
MYFACES-2771,FALSE,FALSE,Major,3129,00d00h52m09,0
MYFACES-2775,FALSE,FALSE,Major,35293,00d09h48m13,0
MYFACES-2779,FALSE,TRUE,Major,897519,10d09h18m39,0
MYFACES-2673,FALSE,FALSE,Major,660,00d00h11m00,0
MYFACES-2675,TRUE,FALSE,Major,71145,00d19h45m45,0
MYFACES-1673,FALSE,FALSE,Major,3955,00d01h05m55,0
TRINIDAD-73,FALSE,FALSE,Major,35732585,413d13h43m05,1
MYFACES-3868,TRUE,FALSE,Major,92229,01d01h37m09,0
MYFACES-3131,FALSE,FALSE,Major,255662,02d23h01m02,0
MYFACES-3132,FALSE,FALSE,Major,250349,02d21h32m29,0
MYFACES-3421,FALSE,FALSE,Major,1830037,21d04h20m37,0
MYFACES-1292,FALSE,FALSE,Minor,216730,02d12h12m10,0
MYFACES-2408,FALSE,FALSE,Major,178,00d00h02m58,0
MYFACES-3139,FALSE,FALSE,Major,642,00d00h10m42,0
MYFACES-3429,FALSE,FALSE,Major,3416208,39d12h56m48,0
MYFACES-2954,FALSE,FALSE,Major,88376,01d00h32m56,0
MYFACES-2810,FALSE,FALSE,Major,625,00d00h10m25,0
MYFACES-3951,TRUE,FALSE,Major,1220035,14d02h53m55,0
MYFACES-3956,FALSE,FALSE,Major,193,00d00h03m13,0
MYFACES-3957,FALSE,FALSE,Major,22954619,265d16h16m59,0
MYFACES-2819,FALSE,FALSE,Major,9303,00d02h35m03,0
MYFACES-3959,TRUE,FALSE,Minor,30027038,347d12h50m38,0
MYFACES-2793,FALSE,FALSE,Major,46882,00d13h01m22,0
MYFACES-2792,TRUE,FALSE,Major,102112,01d04h21m52,0
MYFACES-2791,TRUE,FALSE,Major,150240,01d17h44m00,1
MYFACES-3049,FALSE,FALSE,Major,29246,00d08h07m26,0
MYFACES-3920,TRUE,FALSE,Minor,5636455,65d05h40m55,1
MYFACES-1745,FALSE,FALSE,Major,2076131,24d00h42m11,1
MYFACES-2919,TRUE,FALSE,Major,179119,02d01h45m19,1
MYFACES-3140,TRUE,TRUE,Major,524735,06d01h45m35,0
MYFACES-1290,FALSE,FALSE,Minor,59635,00d16h33m55,0
MYFACES-3557,TRUE,FALSE,Major,829929,09d14h32m09,0
MYFACES-3554,FALSE,FALSE,Major,39470,00d10h57m50,0
MYFACES-3659,TRUE,FALSE,Major,9881250,114d08h47m30,0
MYFACES-2491,FALSE,FALSE,Major,98,00d00h01m38,0
MYFACES-2406,FALSE,FALSE,Major,55,00d00h00m55,0
MYFACES-1954,FALSE,FALSE,Major,212,00d00h03m32,0
MYFACES-2453,FALSE,FALSE,Major,2976739,34d10h52m19,0
MYFACES-2498,FALSE,FALSE,Major,1797,00d00h29m57,0
MYFACES-2499,TRUE,FALSE,Major,78757,00d21h52m37,0
MYFACES-3653,FALSE,FALSE,Major,348338,04d00h45m38,1
MYFACES-1955,FALSE,FALSE,Major,27401712,317d03h35m12,0
MYFACES-4025,FALSE,FALSE,Minor,2410814,27d21h40m14,0
MYFACES-4024,FALSE,FALSE,Major,603277,06d23h34m37,0
MYFACES-4022,TRUE,FALSE,Minor,3117002,36d01h50m02,0
MYFACES-3722,FALSE,FALSE,Major,10680676,123d14h51m16,0
MYFACES-3044,FALSE,FALSE,Major,697432,08d01h43m52,1
MYFACES-3045,FALSE,FALSE,Major,1175850,13d14h37m30,0
MYFACES-3047,FALSE,FALSE,Major,26663,00d07h24m23,0
MYFACES-3040,FALSE,FALSE,Major,1090414,12d14h53m34,0
MYFACES-3042,FALSE,FALSE,Major,2523180,29d04h53m00,0
MYFACES-3043,FALSE,FALSE,Major,6029901,69d18h58m21,1
MYFACES-2534,FALSE,FALSE,Major,469559,05d10h25m59,1
MYFACES-2928,TRUE,FALSE,Major,3690,00d01h01m30,0
MYFACES-1735,FALSE,FALSE,Major,62720,00d17h25m20,0
MYFACES-2924,TRUE,FALSE,Major,20009089,231d14h04m49,0
MYFACES-2926,FALSE,FALSE,Major,75,00d00h01m15,0
MYFACES-2920,TRUE,TRUE,Major,10304355,119d06h19m15,1
MYFACES-1650,FALSE,FALSE,Critical,67406,00d18h43m26,0
MYFACES-3039,FALSE,FALSE,Major,852979,09d20h56m19,1
MYFACES-3038,FALSE,FALSE,Major,2228,00d00h37m08,0
MYFACES-2404,FALSE,FALSE,Major,39,00d00h00m39,0
MYFACES-1651,FALSE,FALSE,Major,722354,08d08h39m14,0
MYFACES-3035,FALSE,FALSE,Major,867505,10d00h58m25,0
MYFACES-1597,FALSE,FALSE,Major,322286,03d17h31m26,0
MYFACES-3037,FALSE,FALSE,Major,9365,00d02h36m05,0
MYFACES-1679,FALSE,FALSE,Major,10297,00d02h51m37,0
MYFACES-4241,TRUE,FALSE,Major,314,00d00h05m14,0
MYFACES-4240,FALSE,FALSE,Critical,190299,02d04h51m39,0
MYFACES-2613,TRUE,FALSE,Major,8509,00d02h21m49,1
MYFACES-4248,FALSE,FALSE,Minor,65434,00d18h10m34,0
MYFACES-1964,FALSE,FALSE,Minor,280670,03d05h57m50,0
MYFACES-329,FALSE,FALSE,Major,40336,00d11h12m16,0
MYFACES-2410,TRUE,TRUE,Major,5440708,62d23h18m28,0
MYFACES-1966,FALSE,FALSE,Minor,12987,00d03h36m27,0
MYFACES-3070,FALSE,FALSE,Minor,1128,00d00h18m48,0
MYFACES-3924,FALSE,FALSE,Major,32780,00d09h06m20,0
MYFACES-1798,FALSE,FALSE,Major,4614,00d01h16m54,0
MYFACES-3455,TRUE,FALSE,Blocker,443304,05d03h08m24,1
MYFACES-1833,FALSE,FALSE,Critical,1197,00d00h19m57,0
MYFACES-1831,FALSE,FALSE,Major,62978,00d17h29m38,0
MYFACES-1799,FALSE,FALSE,Major,7195962,83d06h52m42,0
MYFACES-1836,FALSE,FALSE,Major,1326785,15d08h33m05,0
MYFACES-1834,FALSE,FALSE,Minor,55321640,640d07h07m20,0
MYFACES-2402,FALSE,FALSE,Minor,239,00d00h03m59,0
MYFACES-4149,FALSE,FALSE,Minor,1180509,13d15h55m09,0
MYFACES-2457,TRUE,FALSE,Major,39469581,456d19h46m21,1
MYFACES-4141,TRUE,FALSE,Major,13131421,151d23h37m01,0
MYFACES-4142,FALSE,FALSE,Minor,64245,00d17h50m45,0
MYFACES-2643,FALSE,FALSE,Minor,262117,03d00h48m37,1
MYFACES-2608,FALSE,FALSE,Major,48,00d00h00m48,0
MYFACES-1644,TRUE,FALSE,Major,706,00d00h11m46,0
MYFACES-2626,FALSE,FALSE,Major,62,00d00h01m02,0
MYFACES-2625,FALSE,FALSE,Major,67,00d00h01m07,0
MYFACES-2624,FALSE,FALSE,Major,615835,07d03h03m55,0
MYFACES-2623,FALSE,FALSE,Major,339494,03d22h18m14,1
MYFACES-2622,FALSE,FALSE,Major,259947,03d00h12m27,0
MYFACES-2621,TRUE,FALSE,Major,583910,06d18h11m50,0
MYFACES-2586,FALSE,FALSE,Major,23009,00d06h23m29,0
MYFACES-2587,FALSE,FALSE,Major,739,00d00h12m19,0
MYFACES-2585,TRUE,FALSE,Critical,358299,04d03h31m39,0
MYFACES-1648,FALSE,FALSE,Major,178,00d00h02m58,0
MYFACES-1649,FALSE,FALSE,Major,525,00d00h08m45,0
MYFACES-2580,FALSE,FALSE,Major,61224,00d17h00m24,0
MYFACES-3171,FALSE,FALSE,Trivial,257,00d00h04m17,0
MYFACES-2458,FALSE,TRUE,Minor,23653011,273d18h16m51,0
MYFACES-1588,FALSE,FALSE,Major,420945,04d20h55m45,0
MYFACES-1270,FALSE,FALSE,Major,910,00d00h15m10,0
MYFACES-4211,FALSE,FALSE,Trivial,53934,00d14h58m54,0
MYFACES-1658,FALSE,FALSE,Major,210181,02d10h23m01,0
MYFACES-3857,FALSE,FALSE,Major,90215,01d01h03m35,0
MYFACES-3762,FALSE,FALSE,Major,90,00d00h01m30,0
MYFACES-2914,FALSE,FALSE,Minor,4812,00d01h20m12,0
MYFACES-1625,FALSE,FALSE,Major,52,00d00h00m52,0
MYFACES-3294,FALSE,FALSE,Blocker,22828,00d06h20m28,0
MYFACES-2917,FALSE,FALSE,Trivial,23171,00d06h26m11,0
MYFACES-1739,FALSE,FALSE,Major,1747769,20d05h29m29,0
MYFACES-1633,FALSE,FALSE,Blocker,259522,03d00h05m22,0
MYFACES-1632,FALSE,FALSE,Major,158,00d00h02m38,0
MYFACES-1635,FALSE,FALSE,Critical,69,00d00h01m09,0
MYFACES-2768,FALSE,FALSE,Minor,1629,00d00h27m09,0
MYFACES-1637,FALSE,FALSE,Major,809,00d00h13m29,0
MYFACES-1636,FALSE,FALSE,Major,1674,00d00h27m54,0
MYFACES-2533,FALSE,FALSE,Major,104,00d00h01m44,0
MYFACES-2532,TRUE,FALSE,Major,158,00d00h02m38,0
MYFACES-2530,TRUE,FALSE,Major,82,00d00h01m22,0
MYFACES-2537,TRUE,FALSE,Major,503181,05d19h46m21,0
MYFACES-2536,FALSE,FALSE,Trivial,3163712,36d14h48m32,0
MYFACES-1736,FALSE,FALSE,Major,126,00d00h02m06,0
MYFACES-2859,FALSE,FALSE,Major,66044,00d18h20m44,0
MYFACES-3665,FALSE,FALSE,Major,463,00d00h07m43,0
MYFACES-3666,FALSE,FALSE,Major,73332,00d20h22m12,0
MYFACES-3912,FALSE,FALSE,Blocker,39573,00d10h59m33,0
MYFACES-3913,FALSE,FALSE,Major,34632,00d09h37m12,0
MYFACES-3663,FALSE,FALSE,Major,107,00d00h01m47,0
MYFACES-1733,FALSE,FALSE,Critical,1341409,15d12h36m49,0
MYFACES-2360,FALSE,FALSE,Minor,166,00d00h02m46,0
MYFACES-2912,FALSE,FALSE,Major,115259,01d08h00m59,0
MYFACES-3668,FALSE,FALSE,Major,31953,00d08h52m33,0
MYFACES-3415,FALSE,FALSE,Major,7008643,81d02h50m43,0
MYFACES-3919,FALSE,FALSE,Major,1047317,12d02h55m17,0
MYFACES-2699,FALSE,FALSE,Major,45,00d00h00m45,0
MYFACES-2359,FALSE,FALSE,Major,6116,00d01h41m56,0
MYFACES-2692,TRUE,FALSE,Major,63,00d00h01m03,0
MYFACES-3141,FALSE,FALSE,Major,524838,06d01h47m18,0
MYFACES-3339,FALSE,FALSE,Blocker,115512,01d08h05m12,0
MYFACES-2697,TRUE,FALSE,Major,1372854,15d21h20m54,1
MYFACES-2695,FALSE,FALSE,Major,631,00d00h10m31,0
MYFACES-3268,FALSE,FALSE,Major,6746505,78d02h01m45,2
MYFACES-3180,FALSE,FALSE,Major,3717220,43d00h33m40,0
MYFACES-3182,FALSE,FALSE,Major,192,00d00h03m12,0
MYFACES-1761,TRUE,FALSE,Major,47976572,555d06h49m32,0
MYFACES-3186,FALSE,FALSE,Major,89830,01d00h57m10,0
MYFACES-3260,FALSE,FALSE,Major,408,00d00h06m48,0
MYFACES-3261,FALSE,FALSE,Minor,2603,00d00h43m23,0
MYFACES-3267,TRUE,FALSE,Major,15428,00d04h17m08,0
MYFACES-2748,FALSE,FALSE,Major,19514,00d05h25m14,0
MYFACES-3613,FALSE,FALSE,Major,1422099,16d11h01m39,0
MYFACES-1085,FALSE,FALSE,Major,46181,00d12h49m41,0
MYFACES-3343,TRUE,FALSE,Trivial,91,00d00h01m31,0
MYFACES-3342,FALSE,FALSE,Major,193,00d00h03m13,0
MYFACES-3617,FALSE,FALSE,Major,507628,05d21h00m28,0
MYFACES-3616,FALSE,FALSE,Major,29996,00d08h19m56,0
MYFACES-2740,TRUE,FALSE,Major,246,00d00h04m06,0
MYFACES-3618,FALSE,FALSE,Minor,187,00d00h03m07,0
MYFACES-2742,FALSE,FALSE,Major,514642,05d22h57m22,0
MYFACES-2744,FALSE,FALSE,Major,3442488,39d20h14m48,1
MYFACES-2745,FALSE,FALSE,Major,114798,01d07h53m18,1
MYFACES-3349,FALSE,FALSE,Major,314,00d00h05m14,0
MYFACES-2747,FALSE,FALSE,Major,8696,00d02h24m56,0
MYFACES-3002,TRUE,FALSE,Critical,2179475,25d05h24m35,0
MYFACES-2535,FALSE,FALSE,Major,8707,00d02h25m07,0
MYFACES-3169,TRUE,TRUE,Major,357794,04d03h23m14,0
MYFACES-3341,FALSE,FALSE,Minor,97,00d00h01m37,0
MYFACES-3166,FALSE,FALSE,Major,1239167,14d08h12m47,0
MYFACES-3165,FALSE,FALSE,Major,767,00d00h12m47,0
MYFACES-3164,FALSE,FALSE,Minor,5534,00d01h32m14,0
MYFACES-3162,FALSE,FALSE,Major,2501,00d00h41m41,0
MYFACES-3161,FALSE,FALSE,Critical,239,00d00h03m59,0
MYFACES-3989,FALSE,FALSE,Minor,1392241,16d02h44m01,0
MYFACES-3988,FALSE,FALSE,Minor,21924972,253d18h16m12,1
MYFACES-3860,FALSE,FALSE,Major,63,00d00h01m03,0
MYFACES-3861,TRUE,FALSE,Major,2128,00d00h35m28,0
MYFACES-3866,FALSE,FALSE,Major,288002,03d08h00m02,1
MYFACES-3867,FALSE,TRUE,Major,185043,02d03h24m03,0
MYFACES-2849,FALSE,FALSE,Major,1817,00d00h30m17,0
MYFACES-3865,FALSE,FALSE,Major,626366,07d05h59m26,0
MYFACES-3981,TRUE,FALSE,Minor,16842234,194d22h23m54,0
MYFACES-3980,FALSE,FALSE,Major,874,00d00h14m34,0
MYFACES-2845,FALSE,FALSE,Minor,9584,00d02h39m44,0
MYFACES-3869,TRUE,FALSE,Major,84326,00d23h25m26,0
MYFACES-1611,FALSE,FALSE,Major,3034,00d00h50m34,0
MYFACES-3987,FALSE,FALSE,Minor,25477347,294d21h02m27,0
MYFACES-3986,FALSE,FALSE,Major,15724151,181d23h49m11,0
MYFACES-2865,FALSE,FALSE,Major,289693,03d08h28m13,0
MYFACES-1610,FALSE,FALSE,Major,4429,00d01h13m49,0
MYFACES-2908,FALSE,FALSE,Major,425957,04d22h19m17,1
MYFACES-3034,FALSE,FALSE,Major,12230871,141d13h27m51,1
MYFACES-1049,FALSE,FALSE,Major,529866,06d03h11m06,0
MYFACES-3509,FALSE,FALSE,Major,3621175,41d21h52m55,0
MYFACES-1615,FALSE,FALSE,Major,340607,03d22h36m47,0
MYFACES-2450,TRUE,FALSE,Major,67,00d00h01m07,0
MYFACES-2994,FALSE,FALSE,Major,59,00d00h00m59,0
MYFACES-2659,TRUE,FALSE,Major,1551,00d00h25m51,0
MYFACES-2990,FALSE,FALSE,Major,57195,00d15h53m15,0
MYFACES-3502,TRUE,FALSE,Major,226,00d00h03m46,0
MYFACES-4117,FALSE,FALSE,Major,183,00d00h03m03,0
MYFACES-3831,FALSE,FALSE,Major,1211,00d00h20m11,0
MYFACES-3719,FALSE,FALSE,Major,14200597,164d08h36m37,0
MYFACES-3526,FALSE,FALSE,Major,4396836,50d21h20m36,0
MYFACES-4119,FALSE,FALSE,Minor,130928,01d12h22m08,0
MYFACES-2482,FALSE,FALSE,Major,18692,00d05h11m32,0
MYFACES-1621,FALSE,FALSE,Major,1270026,14d16h47m06,0
MYFACES-3489,FALSE,FALSE,Major,17038,00d04h43m58,0
MYFACES-3523,FALSE,FALSE,Major,107,00d00h01m47,0
MYFACES-3834,FALSE,FALSE,Major,35,00d00h00m35,0
MYFACES-1899,FALSE,FALSE,Major,1071317,12d09h35m17,0
MYFACES-3837,FALSE,FALSE,Major,123,00d00h02m03,0
MYFACES-3108,TRUE,FALSE,Major,265,00d00h04m25,0
MYFACES-3836,FALSE,FALSE,Major,1220319,14d02h58m39,0
MYFACES-2781,FALSE,FALSE,Major,822584,09d12h29m44,0
MYFACES-3839,TRUE,FALSE,Major,10594,00d02h56m34,0
MYFACES-4068,TRUE,FALSE,Major,4380359,50d16h45m59,1
MYFACES-2782,FALSE,FALSE,Major,55,00d00h00m55,0
MYFACES-3931,FALSE,FALSE,Major,1422293,16d11h04m53,0
MYFACES-3760,FALSE,FALSE,Minor,775,00d00h12m55,0
MYFACES-3763,FALSE,FALSE,Major,112,00d00h01m52,0
MYFACES-4060,TRUE,FALSE,Major,103070,01d04h37m50,0
MYFACES-4066,FALSE,FALSE,Minor,37676103,436d01h35m03,1
MYFACES-4065,FALSE,FALSE,Minor,33028927,382d06h42m07,0
MYFACES-4064,FALSE,FALSE,Minor,3509415,40d14h50m15,0
MYFACES-2543,FALSE,FALSE,Major,1369817,15d20h30m17,1
MYFACES-2540,FALSE,FALSE,Major,196019,02d06h26m59,0
MYFACES-2541,TRUE,FALSE,Major,176848,02d01h07m28,0
MYFACES-2547,TRUE,FALSE,Major,1927,00d00h32m07,0
MYFACES-2544,FALSE,FALSE,Major,154391,01d18h53m11,1
MYFACES-4232,FALSE,FALSE,Major,163741,01d21h29m01,0
MYFACES-2832,FALSE,FALSE,Major,18293,00d05h04m53,0
MYFACES-4231,TRUE,FALSE,Minor,13243,00d03h40m43,0
MYFACES-1769,FALSE,FALSE,Minor,501898,05d19h24m58,1
MYFACES-3298,FALSE,FALSE,Major,45348,00d12h35m48,0
MYFACES-3508,FALSE,FALSE,Major,661,00d00h11m01,0
MYFACES-2830,FALSE,FALSE,Major,513063,05d22h31m03,0
MYFACES-2380,TRUE,FALSE,Major,85797,00d23h49m57,0
TOMAHAWK-1619,FALSE,FALSE,Major,1192,00d00h19m52,0
MYFACES-2146,FALSE,FALSE,Major,17295541,200d04h19m01,0
MYFACES-2147,FALSE,FALSE,Major,2315461,26d19h11m01,0
MYFACES-2144,TRUE,FALSE,Major,509298,05d21h28m18,0
MYFACES-2142,FALSE,FALSE,Major,58408780,676d00h39m40,0
MYFACES-3105,FALSE,FALSE,Major,6966746,80d15h12m26,0
MYFACES-2357,FALSE,FALSE,Minor,468,00d00h07m48,0
MYFACES-2149,FALSE,FALSE,Minor,39139,00d10h52m19,0
MYFACES-1843,FALSE,FALSE,Major,424,00d00h07m04,0
MYFACES-4285,FALSE,FALSE,Major,95236,01d02h27m16,0
MYFACES-4282,TRUE,FALSE,Major,6740507,78d00h21m47,0
MYFACES-1844,FALSE,FALSE,Major,65,00d00h01m05,0
MYFACES-1845,FALSE,FALSE,Major,50771,00d14h06m11,1
MYFACES-1848,FALSE,FALSE,Major,10903942,126d04h52m22,0
MYFACES-4289,FALSE,FALSE,Major,148148,01d17h09m08,0
MYFACES-2717,FALSE,FALSE,Major,1534,00d00h25m34,0
MYFACES-2972,FALSE,FALSE,Minor,29441866,340d18h17m46,0
MYFACES-2711,FALSE,FALSE,Major,67,00d00h01m07,0
MYFACES-2710,FALSE,FALSE,Major,40860,00d11h21m00,0
MYFACES-1119,FALSE,FALSE,Major,222,00d00h03m42,0
MYFACES-2719,FALSE,FALSE,Major,185512,02d03h31m52,0
MYFACES-4107,FALSE,FALSE,Minor,181409,02d02h23m29,0
MYFACES-1897,FALSE,FALSE,Major,2455305,28d10h01m45,0
MYFACES-2371,TRUE,FALSE,Major,3158648,36d13h24m08,0
MYFACES-1698,FALSE,FALSE,Major,195788,02d06h23m08,0
MYFACES-3016,FALSE,FALSE,Minor,207,00d00h03m27,0
MYFACES-2370,FALSE,FALSE,Major,1118752,12d22h45m52,0
MYFACES-1718,FALSE,FALSE,Major,1948093,22d13h08m13,0
MYFACES-1599,FALSE,FALSE,Major,688647,07d23h17m27,0
MYFACES-3309,FALSE,FALSE,Major,2780244,32d04h17m24,0
MYFACES-2398,FALSE,FALSE,Major,1060479,12d06h34m39,0
MYFACES-3671,FALSE,FALSE,Major,333419,03d20h36m59,0
MYFACES-2468,TRUE,FALSE,Critical,2201449,25d11h30m49,0
MYFACES-2393,FALSE,FALSE,Minor,69919,00d19h25m19,0
MYFACES-2391,FALSE,FALSE,Major,172956,02d00h02m36,0
MYFACES-2390,FALSE,FALSE,Minor,72507,00d20h08m27,0
MYFACES-2396,TRUE,FALSE,Major,2530610,29d06h56m50,1
MYFACES-2395,FALSE,FALSE,Major,51041541,590d18h12m21,1
MYFACES-3304,FALSE,FALSE,Minor,2331172,26d23h32m52,0
MYFACES-1608,FALSE,FALSE,Major,49899,00d13h51m39,0
MYFACES-2669,FALSE,FALSE,Major,134,00d00h02m14,0
MYFACES-2383,TRUE,FALSE,Major,138,00d00h02m18,0
MYFACES-2663,FALSE,FALSE,Major,2780407,32d04h20m07,0
MYFACES-1601,FALSE,FALSE,Major,314611,03d15h23m31,0
MYFACES-2661,FALSE,FALSE,Blocker,418,00d00h06m58,0
MYFACES-2667,FALSE,FALSE,Major,1206,00d00h20m06,0
MYFACES-2666,TRUE,FALSE,Major,632496,07d07h41m36,0
MYFACES-2665,FALSE,FALSE,Major,151975,01d18h12m55,0
MYFACES-2664,FALSE,FALSE,Major,384,00d00h06m24,0
MYFACES-3824,FALSE,FALSE,Major,64,00d00h01m04,0
MYFACES-3537,FALSE,FALSE,Major,1797796,20d19h23m16,0
MYFACES-3530,FALSE,FALSE,Major,572137,06d14h55m37,0
MYFACES-3948,FALSE,FALSE,Major,2016959,23d08h15m59,0
MYFACES-3820,FALSE,FALSE,Major,552,00d00h09m12,0
MYFACES-3821,FALSE,FALSE,Major,155,00d00h02m35,0
MYFACES-3945,FALSE,FALSE,Minor,753301,08d17h15m01,0
MYFACES-3944,FALSE,FALSE,Critical,3452,00d00h57m32,0
MYFACES-3947,FALSE,FALSE,Major,3343467,38d16h44m27,0
MYFACES-3946,TRUE,FALSE,Minor,56201,00d15h36m41,0
MYFACES-3286,TRUE,FALSE,Minor,122,00d00h02m02,0
MYFACES-3287,TRUE,FALSE,Major,1142,00d00h19m02,0
MYFACES-2434,FALSE,FALSE,Major,286120,03d07h28m40,1
MYFACES-3285,FALSE,FALSE,Major,109,00d00h01m49,0
MYFACES-1734,FALSE,FALSE,Major,11069,00d03h04m29,0
MYFACES-2801,FALSE,FALSE,Major,149006,01d17h23m26,0
MYFACES-2394,FALSE,FALSE,Major,1112,00d00h18m32,0
MYFACES-2806,FALSE,FALSE,Critical,20374,00d05h39m34,0
MYFACES-1027,FALSE,FALSE,Major,2688082,31d02h41m22,0
MYFACES-2809,FALSE,FALSE,Blocker,165181,01d21h53m01,0
MYFACES-2808,FALSE,FALSE,Major,190,00d00h03m10,0
MYFACES-1575,FALSE,FALSE,Major,50510,00d14h01m50,0
MYFACES-3902,FALSE,FALSE,Major,227560,02d15h12m40,0
MYFACES-2082,TRUE,FALSE,Major,12924,00d03h35m24,0
MYFACES-2983,FALSE,FALSE,Major,148279,01d17h11m19,0
MYFACES-3541,FALSE,FALSE,Major,191241,02d05h07m21,0
MYFACES-3629,FALSE,FALSE,Major,184586920,2136d10h08m40,0
MYFACES-3543,FALSE,FALSE,Major,1923250,22d06h14m10,0
MYFACES-3234,FALSE,FALSE,Major,24578,00d06h49m38,0
MYFACES-3233,FALSE,FALSE,Major,116987722,1354d00h35m22,0
MYFACES-3544,FALSE,FALSE,Major,72792,00d20h13m12,0
MYFACES-3998,FALSE,FALSE,Major,33157,00d09h12m37,0
MYFACES-2480,TRUE,FALSE,Major,1525035,17d15h37m15,0
MYFACES-3620,FALSE,FALSE,Major,1187,00d00h19m47,0
MYFACES-2892,FALSE,FALSE,Major,1197,00d00h19m57,0
MYFACES-2894,TRUE,FALSE,Major,8373,00d02h19m33,0
MYFACES-2895,FALSE,FALSE,Major,392972,04d13h09m32,0
MYFACES-3626,FALSE,FALSE,Major,52480,00d14h34m40,0
MYFACES-3627,FALSE,FALSE,Trivial,134,00d00h02m14,0
MYFACES-4010,FALSE,FALSE,Major,71222,00d19h47m02,0
MYFACES-4011,FALSE,FALSE,Major,45002413,520d20h40m13,0
MYFACES-4016,FALSE,FALSE,Major,263160,03d01h06m00,0
MYFACES-4017,FALSE,TRUE,Major,6964,00d01h56m04,0
MYFACES-3758,FALSE,FALSE,Minor,37,00d00h00m37,0
MYFACES-3054,FALSE,FALSE,Major,2534191,29d07h56m31,1
MYFACES-3050,FALSE,FALSE,Minor,1097,00d00h18m17,0
MYFACES-2882,FALSE,FALSE,Major,9356653,108d07h04m13,0
MYFACES-3999,FALSE,FALSE,Major,32853,00d09h07m33,0
MYFACES-2939,FALSE,FALSE,Major,245235,02d20h07m15,0
MYFACES-2935,TRUE,FALSE,Major,309715,03d14h01m55,0
MYFACES-3510,TRUE,FALSE,Major,99819,01d03h43m39,1
MYFACES-2488,FALSE,FALSE,Major,148418,01d17h13m38,0
MYFACES-2878,FALSE,FALSE,Major,2675,00d00h44m35,0
MYFACES-3229,FALSE,FALSE,Major,1839003,21d06h50m03,0
MYFACES-2233,TRUE,FALSE,Major,62,00d00h01m02,0
MYFACES-2242,FALSE,FALSE,Major,158,00d00h02m38,0
MYFACES-1620,FALSE,FALSE,Major,221,00d00h03m41,0
MYFACES-3157,TRUE,FALSE,Major,5305447,61d09h44m07,0
MYFACES-2888,FALSE,FALSE,Critical,759530,08d18h58m50,0
MYFACES-3907,FALSE,FALSE,Major,1162871,13d11h01m11,0
MYFACES-3434,FALSE,FALSE,Minor,5403894,62d13h04m54,0
MYFACES-3431,FALSE,FALSE,Minor,946,00d00h15m46,0
MYFACES-3430,FALSE,FALSE,Major,3116930,36d01h48m50,0
MYFACES-3433,FALSE,FALSE,Minor,2337753,27d01h22m33,0
MYFACES-2416,FALSE,FALSE,Major,34,00d00h00m34,0
MYFACES-3736,FALSE,FALSE,Major,171075321,1980d00h55m21,0
MYFACES-1975,TRUE,FALSE,Minor,21203259,245d09h47m39,0
MYFACES-2904,FALSE,FALSE,Major,462688,05d08h31m28,1
MYFACES-4082,TRUE,FALSE,Major,55443863,641d17h04m23,0
MYFACES-3631,FALSE,FALSE,Minor,1565078,18d02h44m38,1
MYFACES-2332,FALSE,FALSE,Major,484,00d00h08m04,0
MYFACES-2025,FALSE,FALSE,Major,42085,00d11h41m25,0
MYFACES-2887,TRUE,FALSE,Major,1006859,11d15h40m59,0
MYFACES-4159,FALSE,FALSE,Minor,113759,01d07h35m59,0
MYFACES-4158,FALSE,FALSE,Minor,38406,00d10h40m06,0
MYFACES-2358,TRUE,FALSE,Major,5284,00d01h28m04,0
MYFACES-3152,FALSE,FALSE,Minor,715,00d00h11m55,0
MYFACES-4151,FALSE,FALSE,Minor,54980,00d15h16m20,0
MYFACES-4155,FALSE,FALSE,Major,543632,06d07h00m32,0
MYFACES-2599,FALSE,FALSE,Major,401054,04d15h24m14,0
MYFACES-2598,TRUE,FALSE,Major,782471,09d01h21m11,1
MYFACES-2611,FALSE,FALSE,Major,16936,00d04h42m16,1
MYFACES-2614,FALSE,FALSE,Major,86652,01d00h04m12,1
MYFACES-2615,FALSE,FALSE,Major,353841,04d02h17m21,0
MYFACES-1796,FALSE,FALSE,Major,7968215,92d05h23m35,0
MYFACES-2592,FALSE,FALSE,Major,855488,09d21h38m08,1
MYFACES-1790,FALSE,FALSE,Major,2489977,28d19h39m37,1
MYFACES-2596,FALSE,FALSE,Minor,805,00d00h13m25,0
MYFACES-3409,FALSE,FALSE,Trivial,384,00d00h06m24,0
MYFACES-1647,FALSE,FALSE,Critical,82,00d00h01m22,0
MYFACES-3514,TRUE,FALSE,Major,73612,00d20h26m52,0
MYFACES-1640,FALSE,FALSE,Major,438,00d00h07m18,0
MYFACES-2296,FALSE,FALSE,Major,860,00d00h14m20,0
MYFACES-3942,TRUE,FALSE,Major,482178,05d13h56m18,0
MYFACES-3992,FALSE,FALSE,Major,9352334,108d05h52m14,0
MYFACES-2506,FALSE,FALSE,Minor,212,00d00h03m32,0
MYFACES-2507,FALSE,FALSE,Major,726991,08d09h56m31,0
MYFACES-1729,TRUE,FALSE,Major,6468914,74d20h55m14,0
MYFACES-1728,FALSE,FALSE,Major,910343,10d12h52m23,0
MYFACES-2500,FALSE,FALSE,Minor,1320329,15d06h45m29,0
MYFACES-4279,FALSE,FALSE,Major,9673524,111d23h05m24,0
MYFACES-1890,FALSE,FALSE,Major,73982039,856d06h33m59,1
MYFACES-1893,FALSE,FALSE,Major,1634418,18d22h00m18,0
MYFACES-1895,FALSE,FALSE,Critical,1912667,22d03h17m47,0
MYFACES-4273,FALSE,FALSE,Minor,414808,04d19h13m28,0
MYFACES-4270,TRUE,FALSE,Major,9385,00d02h36m25,0
MYFACES-1896,TRUE,FALSE,Major,41320371,478d05h52m51,0
MYFACES-1598,FALSE,FALSE,Major,688932,07d23h22m12,0
MYFACES-3061,FALSE,FALSE,Major,599350,06d22h29m10,0
MYFACES-3905,FALSE,FALSE,Trivial,52400001,606d11h33m21,0
MYFACES-3904,FALSE,FALSE,Major,54375535,629d08h18m55,0
MYFACES-2348,FALSE,FALSE,Major,101927,01d04h18m47,1
MYFACES-1474,TRUE,FALSE,Minor,227313,02d15h08m33,0
MYFACES-1572,FALSE,FALSE,Critical,552701,06d09h31m41,1
MYFACES-1571,FALSE,FALSE,Major,111426,01d06h57m06,0
MYFACES-1576,FALSE,FALSE,Major,39028,00d10h50m28,0
MYFACES-1577,FALSE,FALSE,Major,1425861,16d12h04m21,1
MYFACES-2583,FALSE,FALSE,Major,50871,00d14h07m51,0
MYFACES-2685,FALSE,FALSE,Major,281,00d00h04m41,0
MYFACES-2684,FALSE,FALSE,Major,5012,00d01h23m32,0
MYFACES-2686,FALSE,FALSE,Critical,21649,00d06h00m49,0
MYFACES-2681,FALSE,FALSE,Major,37,00d00h00m37,0
MYFACES-2683,FALSE,FALSE,Major,509,00d00h08m29,0
MYFACES-2682,FALSE,FALSE,Major,41,00d00h00m41,0
MYFACES-2361,FALSE,FALSE,Major,17067463,197d12h57m43,0
MYFACES-2581,FALSE,FALSE,Minor,1305,00d00h21m45,0
MYFACES-152,TRUE,FALSE,Critical,168702216,1952d13h43m36,1
MYFACES-2751,FALSE,FALSE,Major,12169,00d03h22m49,0
MYFACES-1982,TRUE,FALSE,Critical,58438691,676d08h58m11,0
MYFACES-3279,FALSE,FALSE,Major,48,00d00h00m48,0
MYFACES-3278,FALSE,FALSE,Major,182,00d00h03m02,0
MYFACES-3269,TRUE,FALSE,Major,188,00d00h03m08,0
MYFACES-3270,FALSE,FALSE,Major,93,00d00h01m33,0
MYFACES-3277,FALSE,FALSE,Major,103,00d00h01m43,0
MYFACES-3276,FALSE,FALSE,Major,47,00d00h00m47,0
MYFACES-3275,FALSE,FALSE,Major,279,00d00h04m39,0
MYFACES-3274,FALSE,FALSE,Major,68505,00d19h01m45,0
MYFACES-3372,FALSE,FALSE,Major,2514,00d00h41m54,0
MYFACES-3373,FALSE,FALSE,Major,67,00d00h01m07,0
MYFACES-2758,FALSE,FALSE,Major,1939,00d00h32m19,0
MYFACES-3377,FALSE,FALSE,Major,37311,00d10h21m51,1
MYFACES-3375,FALSE,FALSE,Major,793597,09d04h26m37,0
MYFACES-2753,TRUE,FALSE,Major,3682181,42d14h49m41,0
MYFACES-2752,FALSE,FALSE,Major,1220742,14d03h05m42,0
MYFACES-3378,FALSE,FALSE,Minor,7687,00d02h08m07,0
MYFACES-3379,TRUE,FALSE,Major,918,00d00h15m18,0
MYFACES-1582,FALSE,FALSE,Major,1931128,22d08h25m28,0
MYFACES-3301,TRUE,FALSE,Blocker,381855,04d10h04m15,1
